age_group,male,female
0_19,72.146,78.176
20_29,57.392,63.33
30_39,47.667,53.491
40_49,38.058,43.758
50_59,28.818,34.268
60_69,20.277,25.096
70_79,12.803,16.427
80_99,4.6713125,6.048125